<?xml version="1.0"?>

<Constitution>
    
    <Main id="1">
        <title>Preamble</title>
        
    </Main>
    
    <Main id="2">
        <title>Parts</title>
<!--        <subTitle>Part1</subTitle>-->
<!--        <subTitle>Part2</subTitle>-->
<!--        <subTitle>Part3</subTitle>-->
<!--        <subTitle>Part4</subTitle>-->
<!--        <subTitle>Part5</subTitle>-->
<!--        <subTitle>Part6</subTitle>-->
    </Main>
    
    <Main id="3">
        <title>Schedules</title>
        
    </Main>
    
    <Main id="4">
        <title>Amendments</title>
        
    </Main>

</Constitution>
